address,tokenId,amount
0xF971B2CD83FdaCd13227FBBBAa0df0b06ADBa08B,1,3
0x458C78D5a83B82b67F45e88A6A3188937a0c0C69,2,25
0x9dFdC91A6CC8809F388880BC1A26b291970866B2,3,8
0x817aa2D42e1FdF94C6b9524D3A873499604f526e,4,68
0xa2D57D758F55bB98eDca917C81de04F616e014Fc,5,64
0xdd8805Dc57498EAD16F1Ac0A7120436f03Fd256d,6,82
0xe8e3E3e7f98bA2EA4a571adBbd6A065d6ee346A9,7,54
0x7e45c777Ec2fC68e610a8f4c064d75Bb2f1Eb155,8,5
0xd66642c45Dd25ba28650565eD848dc6DE65f8f77,9,54
0xb572De425E31ff70B34520d9de750FE6061fa571,10,97
0xD112A75BCF9Cba468BA7e8C319100cC76e91f7f7,11,55
0x724833e10F559c6D0C427E706F2e3A18584813Cc,12,122
0x9C2c7759f29C8A18116b9D7c0F2aa2fEAD6AA689,13,138
0x8a0679EAA6bD5b0cBF0CF71602F9C5f249eD5DBf,14,98
0x803C2b4c5830BCD7a85Cbcf87912a30ACB247980,15,213
0x48C476C819E67e52F19ea5BeD6D61015DD90F101,16,106
0x00247736aAA2E991E8B3463066Cf699Cb6170282,17,84
0x23b2fBBE927A66614DA6e4ACB2f0235F39a7d6Ec,18,67
0x7E8ddC8E77F3C0582493D5612e066852639c2440,19,50
0xbAC3c284cA7dFD84D26a6F5BBAefde9900EE9Afd,20,163
0x82d54761E73488d2F65da06ED4A82224A34196C2,21,299
0x5a8aCa4F40bf090da06eb63d50F6d4a78e79055F,22,116
0xD8500c716568096f609EE83807629eF6eb6B9A5c,23,224
0x105a07eEC3EFE9e10910377945191AcD37E4E65e,24,171
0x48f549b5768377ad50063615b82ca750532fFaaD,25,12
0xeF72a815A6fd887F5Ee1b40F6aE68A7812aB6f78,26,213
0xBFE922b6393Bb407EB10E99bF9E0fCe6CCaF3682,27,147
0x855297413aB76A3cB82Ab45a05e78b755E17D9Ed,28,210
0x2A31E2eB036D77c4CfeC7DE5C4B0aEf18D698561,29,392
0xCe8c90b046174874cdB3E75784dEA5dd1d428025,30,377
0x81F23D5450F9a0DB31A64ae47af1A6B982d874CE,31,11
0x3b04c50853f39c26F49dEc6dbB5c497Ca2a62D83,32,503
0x5604DB2Aa122EFd372C943945314566A50ee197e,33,204
0xB5E679D08B99097C110Cd0b44Aa1EdDa35FC5e5e,34,193
0x9D3Fe1e0A09AF32Fd176e8D55CBD826f50eE3bbb,35,357
0x64F0f7c60f438123af4150012e0FC55afdc0b744,36,78
0x81aA53DA1985B37C1Fd6b3416DEF515802b97B9E,37,290
0x97C28A3556e7ea79c3e819be27205dE0ea70f46f,38,483
0xF10361fCDe740D385c015efcFE1A87f5103a5ce2,39,128
0xE050CD8c3bE158C9e06247BEdf2Bb36bb6A9C3cD,40,675
0x7cc60dEE5976A221663d02DfD5521191Fbf0106C,41,360
0xCCd41aE7146Ae2Bf90c7c8509C0D725942bd351B,42,523
0x33a42ca8218BD6e9C5D6aae6d2598c403150FD7f,43,600
0x86d91969995C5eB4d0255ef37D4853A498279a02,44,21
0x0942835d28E4b505601e6CCAbfc3dC373e71BfD1,45,690
0x4902b65B6E2F636BAf428028D5a340D145DaC6D9,46,699
0xD3C7661e1632BBeC99C9eC738b46BC10747063C3,47,94
0x40cb2D40dF5deB8FE7C9F07e8c92006d89Eaa2f9,48,168
0x035792e3F7c7f59D432742575d5dF310A9EAdFda,49,130
0xB479F3cE01407ecB5a4343C4C9fC9848e2626a99,50,127
0xFE0374b27B4d93322d87D09282261A1fEb62a830,51,863
0x73535aE8a5aE5b2922580f3081CC2D48Dd7351fb,52,13
0x41f8137eF36aB70c4acc6026666caf35738AB655,53,829
0x959C0DD65BB98Cb548B743F0bA415aDe61D8Fe20,54,255
0x2F068216d4e1dA9022B78d78f0Ca282941ecc5Ee,55,167
0xbB468179D1f1A0b9CE26b532795fB07b66d2d070,56,94
0x0b21A47506C535F94789e5A866F9df67fF58af97,57,409
0x4d15D244e3a10b3A412998C28FF2394438c34f0E,58,17
0x599cF516ed1fbCFAdD4b7fC11972A5ec8E7EDeF6,59,670
0x5C3cd66e40eB24cF8C9ACcA1FD461BbE16AFdc94,60,328
0x784a7562aa4E437d8655b001a4E525D2d28BFb00,61,525
0xd62bd4Bace2dDA22247e0675C09AfFbA89BB43A6,62,710
0x7B2CD55e5Edf312E87AeE34E09F8Fc02D8DED32b,63,1018
0xe9458E59F45f77dC4ffA5D850B3FA4D3CADf5110,64,101
0x8D197AE29F7ab5173d099Eb37d50Cc4258944c95,65,789
0xEed04E4B50Df8BCa6c3F8F9A3019c14cB0c19c49,66,157
0x0f706FF4D236fc68e602D7D806D64AE040116cdc,67,910
0x5d866870dcD10f47732BAa76ba0304A90Ef513Ec,68,402
0x27849Fc4Bb563Da3a6100976A89d3c973dB8797b,69,82
0x8f021b4fc7f4b09318A78dC9093FF37eaBA793b1,70,151
0x94e9Ac03142EE4252BE8E3E28FD8bd58A96D9E89,71,567
0xBDB3539E9217403eF59430d0EC560F67EDc96eA8,72,296
0x25994103e2E869ac9e4FcCC633c6fd4c6Ad536dC,73,1133
0xD74145a7D52f73d58D40158fa77096b90019715d,74,864
0xD69f6ADbbE6ea8495F9fFB66aCB791804701493a,75,914
0xC5239dA1e575bD5773c7D8d4f16811D07517f7B7,76,673
0x61d381ed61cA37F08F9F5506c1679F8bd1560E2F,77,906
0xEcEB089182Ca66E6102329EE2dF0A14dC784727E,78,819
0x72e2E16c3272BA50C176477f532FB05Aa5435327,79,664
0x19c9C33dE31C0AE7A23774Cf86164e910d7CBC9E,80,941
0x9Fbd761B5Dc9523ECd84f4ed2c1dB9FC5274FD33,81,1326
0x52Dc2F379553D1bb4bF3F0ba786d0A67aeCAe7d6,82,702
0xE25819533734705c6cdeC529A01E9E4e335312B0,83,729
0x354D33114FF8750c6f4FFc6eFAfee5ab60824096,84,440
0xC43Dc1b73f9C94D471D510014945169D68ef42c0,85,393
0xb3F882B7eD575FB42DAF3F6378907AEA5221B627,86,212
0xB7Cc17D341b9942d210d83b65BFeAd7cC554d6E4,87,402
0x50E753f99251bD42477649114d9f4974864EaC3E,88,573
0x408F7EC79F43Ed2401a33F72e7F24001BF107775,89,970
0x24c1965A4dD4f09c093d30b365d4B682f18d65d2,90,1530
0xb898216dE63c840B525fb84e4A25dCC8ab1bA357,91,44
0xab43E636850D7bf2fa6842973f8b752A4a2B6Df4,92,73
0x3270014f6F94DcE0f22070cbB6128E4d4E581e59,93,878
0xACe0331e6f20D4706D96A796ABeDA4A19bd6B203,94,702
0x8286adaDb4eC982d418D6112C1a131df5a5A5f29,95,657
0x5C95D53039B9fc00F5B5b1974dD53CFD8f024D45,96,432
0x9c7b1eAA0bF5a9Ea4FA3d28641406944308c034d,97,350
0xf6bF1217fDDF349b2eFf154b06a697d6a51d934C,98,1586
0x3B3600E9caA3cD66A75B0041bC5aAEC1ee27d6a0,99,298
0x3954A16De99F80559af0a6Cef49482201c2e0B01,100,961
0x986aaEADFC16E0a4b6eb2C729350F206cBDf437D,101,1432
0x30C37dA439d8c1308c71bc827Badb0C2e2A00CBB,102,673
0x146bD616CF52993af95b02545AF1109470907FeD,103,719
0xf37Ae7C3d201fEAE5C23442caC973AC3Dfd4FBB8,104,873
0x02d1E3a6AB40692f0770E891E54F76EAdecB7AaB,105,512
0xBa15B9c6A1b6FFcE32BFD7774d47c702C7054A7e,106,1074
0x842Ade07f15f13EACbF9d379A930C5E9Afa85993,107,826
0x1ad183BC70e439b8596b4123daC903069Ac37F3D,108,425
0x8D3a04E8cA1bfBC3f18Ab7844117C9A295e47E53,109,1380
0x8463Abc05aaEa9a2a9A5d46a4586693e2315e19D,110,620
0xdDe7Daa75aBd43427Ec9e9A43FB478F1FF9269a2,111,929
0x7D734e083Fd9792edA0a650Fd2C4D05Ee335E90C,112,1287
0x8452264B613cAB08997928424D46464f04787f79,113,803
0xCA439f08BF0856d96316fBb3BC11c81764943082,114,1614
0xF0006C2B80a85CfEB52d5d98829AB01830ea3Ec9,115,1193
0x6A22c94CcAB307b8e9687F4148b735fC8dAeF130,116,311
0xba41b868D4dA3Fe2b273124884aABb6328791702,117,362
0x92710858C5739cd420843bD89e06E0E63738F913,118,338
0xA30165AEc0F1e324244953aDfBB4486b2C47724e,119,523
0xF25d2F47A4E9Fa215d232c2f37ECcC5d7d611183,120,1830
0xf3337F3d83f3A4B7Ef869544D7f6891b485BAcE5,121,1500
0x955f6411EF936AcF87c909d99995E58D6F97C06B,122,1649
0xdfd7e140f116E8913f88F70EA8C3509e5CcB9e0A,123,380
0x34c949f469685b3313ABC536EC248Fc6297dF6b9,124,1471
0x08d1Bb398122498D960Cc5fc73d6753B55cc8844,125,658
0x9f78C684C007968FC9e48FA6AaF642C8BFf4FCC3,126,1801
0x25DF546B59639F32C9114612Cb4bb75305030d53,127,2146
0x25Eaf2F8A2DBaE409CeFa12b9d9386E821cb3D86,128,439
0xc0cF808Df87ec532f5D2Ba3133E10E02FCA3A449,129,860
0x502Bd9229A44e6B90cc400F9e7Ca34b4A8709958,130,1219
0x81281faB728dB20c738cDD3A9d6f120B1423d25b,131,1395
0x6611Fc04955C704dF270F71B3542AE9494b90d29,132,1332
0x187633e2126C6Ad889FD41fF660a1D0d50a357a8,133,1781
0xc52f6b5484A723E8F426293dA6e03012F8435c2c,134,267
0xeD9bF1Ac7599C36b54699589Ed09B2d5500fB386,135,1056
0xD8c6dca1bE38AC79e7348f674933806d8C97C9AC,136,1888
0x2bF1063A3a3b32818cbcCC9b2bFFbCbC548f629c,137,2031
0x20907E0894e37a97f10C7261d4628238e33886b4,138,634
0xDD3151136768D458b8c354bEe825A44187BEeCD4,139,846
0xE0E452dE6d9eaF2f6C9b0eF706B5962879d64302,140,1045
0xEfb942D6CeF67ca9C0b8Dc8d3102972e6f0a441c,141,638
0x1B3257334CD5BD18027263864C237A56Cc9049dd,142,197
0x5eDd31B398f6F4Df0dfaE5BCA81F1296Ade5fAD7,143,1759
0xaF5eA14caF2a88de58D950CC93663341452cE116,144,1821
0xA1d456a7676d85C83A46B1848Af208DC579Ced8e,145,1227
0x0C4217953EC193834CbF13E216007349cE602E0A,146,2387
0x6Ea6adC2B515978738E67ca02C8BAd1993D4AA2B,147,1681
0x995eDDA26B66507fF5e6Bb994Ff99c2228b0e5ea,148,1934
0x56d4Da911F5257C4496f658f9c110265dfe00aD3,149,493
0x5460e3d70b74ECE42285FD70CA92338426c1479f,150,619
0x34E08F115db0BfFE443bC212744d72a197A406AA,151,1700
0xA027cAE2e2A7B99C866360c8f5DCDcB690c4ff9C,152,904
0x5B5437BcBD02b3fB5b08f1D85FCB2985d587c564,153,1385
0xba5fB1fE17BD9dc6FAC0F5B120EC91b2430CCA31,154,2595
0xD305446d546FA73Faa5421489446b4AC48621b7a,155,2110
0x0facEab2345eeD30E62C8f425Eb97e585c33B927,156,1224
0x805ecC79B23BDf56D2A1Ad00CC893D140cbbd8F3,157,1401
0x94D4Eb826FBE7390E117a676F772ae5Ef5FB57C7,158,2496
0x87bFdc23592e42794704A33DDBA6e89d69ee3e26,159,797
0xEc21702Ea94bBA6036153d3fA8026AD7D81d224f,160,2008
0x0D611D5EA8d8252C30C5dE219960D317803FEeDB,161,1698
0xdA75835062a1466aE1a519dcE7d604A2ea65eF49,162,3
0x1DCbD466D95ec1ab6Cee565c06E49bD9Df16aE3a,163,1111
0x1542A4a3a12dbBc357ceA1734092A7112935bDd7,164,400
0x2C49735407084f8BD403330980A01eE142fb0E76,165,2413
0xca96f90156F3e40b5A642727eDcb3c256274a0a2,166,260
0x971f06031f3b1b79e8F0BBb731B8C9bF1729700C,167,1325
0x184E20Ec4C7061B0bF8c29930cA064e3514cdc62,168,828
0xEc5D10491C42F4e2052D20DcB1D43282bdA3E55F,169,1063
0xd90d2A7C2BE33C1A1D2dc2Af6ABEeeAd867dEc42,170,1079
0x523A0ad9800f74C03595ef9163610156d22eb342,171,1445
0xdfD5B8e7376E513D1CcaFfA115b772f80dA698Ec,172,2253
0x15A82cAdF4cFcc196a505e9f8a383D15BFD528b4,173,2294
0xb80C8A7aD8E5F1Cc49387DbbE8c8C3472C2817d7,174,1847
0x812201dD2460768376921F3D3a053Cb5d3cFd003,175,2302
0x2164FeBE04B7f7258B8FFCFE107A33079980EFbf,176,1376
0xDF71E6796E46CfB51ff5fd082A8435F7273fD8EB,177,1485
0x4Bb0cc661986aBD8c3685e2D5602b81B7B615187,178,1247
0x2abBE84E4B5c403811fC666473AcDe266B973c57,179,198
0xC2d8DA6014bae408d9A7689a9e16cC57520C15A9,180,2889
0x2869B943d860b4E87F720d19aB03Af810C01Ddfc,181,1412
0xCEFcB36f74C4F6755C7E7e835C1a9043105D17C1,182,615
0xffa85f14A19e026f16c34998cCae568FDf4e500F,183,756
0xf555E3e81126eb4bfDCfce1E4b506e229837118E,184,2158
0xEC8F145244FBaDe60C64c85a5E02582C693B8F58,185,1692
0x021B08670f127d5F9296C0b9CF2668d3b19674f1,186,2300
0x2c8Fb8a006771Ec1A9b9E55d53B4E278D3C8d81e,187,1130
0x09fD9E549C2c10ba146f2E61921080bF2118010C,188,1305
0xB3CCfc809dF15edf9Ec0F364ff88572B2d4c742C,189,2074
0x36F77A40315B26a300209Fd44dC00b1B83AB8f1c,190,2880
0x20dfF70a34F938a39FA5E71bE89Af34cd7898027,191,1248
0xf8c18830EE7Ee1A862d60B8C7160a6d99613A509,192,1328
0x41bB2Dbb7f0cf87293BE2D9FAA69201dccB968fC,193,265
0xb2E74A856Da4F40Fb7CDa64ee7Ede048f7f6469e,194,2319
0xCadd975dA6D27B95Ff23Dce4B3218170A2b441be,195,530
0x5D3aCC6d0D04dEeaEcccBc89f96D46c47848a026,196,401
0xF31523e7e1d052F03fbbACe3322A7EAd06A8B2D9,197,354
0xE8B1aE861A90FDfc4abb60CF62217632412b9F37,198,816
0x997B2ADB239794a9D35a67D1fB8aF8fEb552f0BB,199,501
0x95180dD89f10A1b813FC4a00Fa7849Be3AFBdf80,200,1062
0x73a8a5e6C67f7ca4c7C070ab20224f71D551396D,201,796
0x4B9F95ED5bCa35ee90f7399794B1E9C79e15AF84,202,2400
0x855Fd889fd433C002316b3cb60698c6E552E2643,203,3064
0x8425c5bB7464fD6005Aa1F648D9283C73f9558a0,204,2219
0x10048e973D8F3a3274E197BAd9421a5a4347Ea31,205,876
0xCa0a8ca770761DFa25E676204ABec09D6E43134e,206,2058
0xF71AC90f8D59DdA08747040006c7a8Edd7a99f8a,207,2570
0x888dA648BB5b575774bD18Fa61376e0F12e51f31,208,612
0x18cc70Af2905B2f4ab2b35fa4F9437C15330f6Fb,209,1997
0xAB293182e7689a6D49708F82065F4AEe84D0d4eA,210,1430
0x87fd5360AfD7F35a12122a02B4fD01682C4B43dc,211,1336
0x569fad297267bbA0f7ee5Bee8be58c945ef7C9a1,212,2132
0x7C76d71ea2A7FFB3ea87CCbDA6a661e9bF44C525,213,2513
0x582946a067D1aF32aEcAE42d66B664CbEEc301DF,214,3359
0x2F5B408FA945Ee655D73f293b3E5098744cbd959,215,1805
0x1cA8178E951492aD172dbd489851f26e61932944,216,2444
0x87423448617DBB79f86332dF2Da5a327DB13C745,217,2570
0xD8902D296a7ad673fCFFe8DE5F92C4f3B510f8F0,218,1540
0xeb1863E1Ea56b8aD0da43C5192b2910B4a5fC603,219,561
0x1458AA3b5DbB2ECFA67015dd0D6a78023CB894D8,220,294
0xC683b5E8cF0224b8bc376C2350186305aFdE67B8,221,830
0xD75AD1852d7E89303763D4534Da790Bd70E17D7f,222,1056
0x356443785b846cCCBb42a3001188aFaEC4026FFF,223,901
0xc94e46255e1b16C45cD1bfe737E6A70e45F538Bc,224,770
0xf8Db49dAdd4327abAa659b103F1a061e15D51182,225,419
0xfCaD108a76e8C0d8164ed5d3281DC636e279ACA7,226,1787
0x0F9c6395E1f2003A4B0f2040cbe4b99d1e42a9fa,227,1119
0x949324551916DB65048417c6Fd4454DE3aF6e5f6,228,3543
0x87aE6969969D146f8f46037853bE11CaFa63C908,229,2082
0xF51373151741c5c22e9a084B62625C2938FA02d4,230,3651
0x2Bfd36C988CF74bA726718a3C24347e63a563Ae5,231,1231
0x634F246F033995Db660becEce5BFbF0f734E7A0b,232,1734
0x8aA8defe887D396Ff25bF49239FbE8911a28c57b,233,3637
0xe7c5F354d78dB0B570c7990e913F4e0712F037Fb,234,3222
0x570b4792E1FE83D8Ec4107Ae5e2526C67D94ec49,235,766
0xEF08F9463FF1c5271E7f5800733F196C9279040c,236,772
0x834a5C91368d6B39457580B07a3d892f12eA5d7F,237,2329
0x89FCdf796De62350d0A3cA5A942b99810A5d4FCf,238,2704
0xA69A79F4834ca4A2dc19516157698689ea1B3e17,239,447
0x8a2A6Bf8520499A587643dD251C8498e2fa76ca4,240,1602
0x10A8EFA150dD2253689E9327a81558fEc1007fEF,241,1622
0xA4B540E3d9e2D55c3f6ea4FA2085383d761BDc0a,242,2181
0xAD7dbCceb41bD55eFe5398F4Ad3685b93AA32E5D,243,205
0xFAEBE2a2a67362d3F7530dFebE66b85684FcBb70,244,4118
0x189878362C42d59115c718A1Ffda6F79d717Bf24,245,2706
0x5FB48b0e30E1E69452bDBf666b6B04a7cB4bECbB,246,2833
0xadf78e2b022C763736DC505Eda35D1D70EfEb870,247,2115
0x1acA0818B7d480a567f147c3feBED7E19eA2c16F,248,2931
0xef20A6eA97755d1923b26c4c2149B55D75F229f7,249,470
0x56465f0Ab4cCAFF5384a32C36959f7d91a4B6B80,250,4010
0x49D0F135ED400A309020f16Cc50446f397f08dF0,251,1555
0x29427b00F9091fC757e02A8bA88F8D95D5EECbf4,252,3965
0xEDB8F37e50e321b7Ad1b487Ee599ef7b056699FB,253,2964
0x37E46C99c5F5B3B90954d9EDa45661ba58cF4Fd7,254,2377
0x10D2E9f69D81E00580E9e4B4410f17E0d896aB1D,255,663
0x4A7fEDCE04DE3AC73892c0040FA137c6a9b166D0,256,286
0x726489E81f716492C2D0749a15a0c5Ffcd1191c4,257,1711
0xF8414f6455b931b5FF94F82Ac62e69B6E63EDb03,258,3682
0xa2fFe14E6c673d6d851F1419AE6681E50388dfBC,259,1497
0x9C49575AbD9EDc0aA72De22cC904b6919CFFFb7a,260,3516
0xCc8990ec1d0caFEA0c4C688c063500DD7fE757cA,261,1179
0xb6462F34E1e331A182Fbe2008572402c9bD4D6A9,262,3059
0x796663890e2cEC37B1258d9608101eFb20715893,263,4046
0x5F86B75b26DCc34800b831a21983f236d3f80D1B,264,1328
0xCa8B4aA9dC37E29Df40F67ee5ea6Cc654a76b1b5,265,3139
0x683358308B9b8DBBd4D167844CE3bcbc8eBdcd5d,266,3101
0xF418Af63FaDdd4fE32e5678151688123235464BB,267,2083
0xcc33b1DAB4b9b448bCB38bB105253F3371082983,268,3009
0x2c7261e703d64751dAc0e290f7Fe0fb8550B3f72,269,1718
0x0673b6e0a67B83C13A8F67A36CBDA9e526edDBe6,270,546
0x97395e4F286BbD49c1308611512bB15b4E3214A9,271,860
0xb7B1617fdCD9102E46d750087fDEd34A13f9027c,272,2617
0xbE35cfff922B4C4322760a75f55E154fDb5eC919,273,2765
0xa0F70f249417f545D28B2aD938CD7424B7f56E10,274,769
0x8B6a2FFD9F6cd8014c833FC83c0fB8DBbA2ebA52,275,2005
0x55AEe3Ec2ef63090d03161bE32529524bde3ec12,276,1755
0x0AC76FDea51c0f0993E8103280B45544C6feD60b,277,3306
0x967Cd64CD04bb1510C6151E18138BF27aD77A7a2,278,2350
0xDF056Bb49792C5BEad2E9BB0D0dEddfd18e4F70B,279,3795
0x2702B86B1D644b03FF57Dbd26e9bAD0Aac90EF36,280,3466
0x1dEB71f954CcF4309834dEec43552d7dC6Eb0587,281,2222
0xf0f5586474a381E723102145D0d36491F9d430c4,282,2006
0x650f2eFeC7c3a6ED6EdCa33Ce0820179aEDbe99A,283,2587
0x9427f355efc0fDe79724d6909CE2fA5d39F4aB8f,284,3988
0x52A8CEb3F3392eaA5DABa837120545cE4991C353,285,3584
0x53EDeD93A9984dAD1aE4Cf46A2A03Fc24A5AD7bd,286,2494
0x9a6BA5716967d410DC4d703Fc9894bcFC29f7F52,287,3483
0xEd5aD346411D4fcFEc5015fC7445aD559b155b42,288,2413
0x66AFFb231D132AB01B7E3C6454AadB9660361436,289,3474
0xeAA47d4b9b3779BE1815F2543cAaF34085833AdF,290,3994
0x919b7339881D7f289bB5DcD7276C290165AB8ABc,291,1388
0xb54158662EF572eE59133607B57A414bE3AE8e98,292,271
0x8bad3d03DA995dFd11564c6BC731Cdf254A43515,293,2004
0x149f948CD080d5b0719902D7daFEC82fa7319541,294,1366
0x422d24971449d2bd4F887fB141e2974311F03C64,295,645
0x8F190b1af5462bBeb150D1dD72DD29D5a0d85222,296,132
0x9c4140Caef6d45797196C9e62e883c1FA3576Ddf,297,4594
0x0FA7701478f612899c4e50548928E919e899350d,298,3835
0x07bB814016961e7cc3ef45762EEbB74dB1136486,299,5070
0x809d7A3349BD31Ae12D9616A5Da12f1096FE105D,300,1576
0xB206CC2d075418f15e71ef4Eb83F91A867256c3D,301,5025
0x263F6Eb3c0CCe4Ed04CfE2A81E30dF7F874b69ed,302,1398
0x1151a0656ee21c849107b2526A5C17D35984fc58,303,4892
0x724432D0C25256dEa2Cfe73c3918dBCc5b692a8f,304,2249
0x8342a212d4b14590264457C60D63b43aEc406337,305,4924
0x82FefC6b739AB85f3e06F2961F23335dCb4120Cd,306,1295
0x04d027F17C64F36d735330ED5E44a317FC7d01B1,307,3283
0xfB3c003e96A9656f07766D84fecA915Ed0C17A17,308,4596
0xf06598C5878B8C94141A9D5E28e18849ECdDe6cC,309,966
0x1f978574FbAA51E9Ad1D3B018d9d03eDaC1623D4,310,1321
0xcD26d37aE2832EF08E1079ed4626070348487c48,311,98
0x454f510b1e9E9668e82CC8FA98b697d000C7Cf28,312,4358
0x34dD141aE448E8a6bBA01B55B8470BCE92A9f603,313,776
0x28168FF76f114Dc4b75E0fE0A3244DAfD150E3B7,314,4994
0x93E6803783bdCDCFe690e378cdd01F9B0c925B6a,315,2464
0x72F36B526bb99EC33DEac4423015497c0C0C0013,316,2000
0x753797508E31146D338078D16d23853a70E95c56,317,2195
0x369894fb62481bb351744a1B32200847bA885B7c,318,3491
0x7BD9eb755F4e3fB1CA5E196ceD6c8bE5Ed547eD6,319,2498
0xA703cA66242861aF36Fd31A9CBaf9Fea8b32b6f2,320,1471
0x0167621c0eED5E4cb12b615CB1de1F4C6d487919,321,330
0x875876307BF14315614880D42cAf54F2ef03D667,322,2144
0x1673CEE8Bf1e9480221ECC3A3aCaA85D60856838,323,5071
0x1083c8E0887c1cb49877BBF4E069651D81B320f0,324,1161
0xc7F01F7Ea5d5770deD76bFF79e3fFd8C0A245Af4,325,1183
0xf574f09eeadc557d942e693513AD549c780D4EaE,326,172
0xb4EC476cEC53e9c55537e3d94FD97fB4aB6F82ae,327,3594
0x423B2E4dc5D51e6e78450dEa42d92D1EcE21363D,328,3084
0x21C835064645Dc1851BAd44696b8ee2f2e07Af77,329,3312
0x7cF62d7858935b93A9274794d84580Ff2d2FB1D5,330,5384
0x4ec07D28f10E9e1c15E39f603D3DE55f2f2d1C24,331,2801
0xc19b1C15F50597224F99041E8ed006a38887FEA9,332,385
0x1b0505fAbde25Ab61d9178f3CfC470DcCB7E93f1,333,20
0x8eC61b6C6d0d8a0901d90e85820DF1026c7Df9EC,334,2800
0xF39F550E52151307c5c2f1D3a9402CC9d97b395A,335,2115
0x01B11E6FD9e7C875BEA9d5d243392047Be188d41,336,803
0xFFc7FDb6d7a9534F7dF866C27Bf942Ed2d6F133F,337,2716
0x540925f504BC9DFA292e552692CB9be86Fe9938E,338,3606
0x831e46dF76165e2b1351d1fb20D2771c3F4Cc718,339,537
0xB8De790E58273AA93255E4C6a53d4A3fE5FC3472,340,3418
0x7224982084CbaedEFE9D6324d899918E01BB7ED1,341,3608
0xcb71D17062b303Aab7532b589e3C2376ba1fd502,342,4518
0x7BFf81c04EC70aD5dD8B288dA47984F4509a0565,343,4788
0xDD99C3aFa65E5eb919174E07dEEB86A26C3c66d8,344,2573
0x94283588D052522Aab6E7768708572FEac7FBab2,345,5032
0x19695F1c67Ba9b551D67Da869F0049F58C806173,346,5069
0x804145743C855B49AcEFdbD783d5DA8B15745730,347,4449
0x1A700a8479fEaF07B7c129a87Aedbabb9bca5a05,348,72
0x349dFf7e30e866E97a957D36ECF7F4577C857cC1,349,1275
0xBf375127201Cd03861c7421950a318e5c13c7040,350,5446
0x028A64A5D1E9BB3BF8d049B81519559026bC67BC,351,1594
0xD29b2414fA59643D141756b2582beabbB3881Fde,352,4694
0x2728a6F77DB55272382504411b88223228C2D60A,353,4987
0xF5a1e53c3F52046D69A5FE77bB1dEe36443689E5,354,2154
0xb79aD2c8fB1856Db549e7d14D582c6c269939336,355,2759
0x2b813f34349038905235Ae672D3DE37a1F7De22F,356,5088
0x08fEc44B658Cf0D81caa4F9A7cA41700A94E4779,357,5716
0xeA82cAA775A384aD6C5F70219f3222E1994fc418,358,561
0xa023dE255B3c7c3A46131F11F7f86E7C97Fe41a2,359,838
0xCFD9f7e6Fd2C9e807ffED5fff2d39d014Df27aEA,360,124
0x588AFD29e7050De0F780158FBf90E8caB03CC897,361,4950
0x171b8E97063180cD6e67c0ee13dBC74f03495d30,362,4130
0xeDC7eddC38569E20Ad1f240A8e49bA95F4894968,363,1657
0x1899f8d9d618FBcf86B64Fd3873C4E25F5f25b96,364,3639
0x11EBF7a2381e04773DBA2695253019Bd82e9E8b0,365,4911
0x2B8223231F751A6564Bb66C5bBA081b39fDD9e34,366,538
0x4E19279d7Ed9f4D55ba132419A2360194F6a3D89,367,4515
0x7De1F073F8A22CEdE6DB61090D810c2f45855Eff,368,487
0x3D257864d40178cC8212Aac9905d1e4737Cc2c1F,369,5764
0xde7Df655eD69b71dae49030D0013179dd6c886F9,370,3571
0x0D58999f761585164CD5C98b45B4323f417CaabB,371,5107
0x64f383FDEAe1b63815a573C4c2437415F3beBfd5,372,5912
0xaC8aBf6E77a562957cF56A65F7e5502b0BEa93a8,373,1352
0x8b70d79caDbf915b1D2e32Edf5811fA03B25Cd97,374,6203
0x2AdF3eE64c3fe08A9EeB6AD1d2eEC80105258cC7,375,386
0x5A1f030c83734D04c1dBD54655F95B50679990e2,376,5528
0xEd184243F36cD63a17Aa27f40c2F28160517A109,377,130
0x2205178cd80E3AF4Afd3f4018Be2Fb8E2931b828,378,503
0xa7653c23fFb9db2cE1Be11844BBC0DfBf2dB4f00,379,3876
0x67d91A67998423F21Ac01655C86BF46291FCb427,380,2282
0x4F3FdD53b3Bc1cCe010Ca7A34c6b23e5Eb3073Ce,381,3284
0xC57599913cF129623189B4D1cdaB82BFF35E24E1,382,2284
0xE89862E12512A4A367daf35e37d6fef019CccAfe,383,4655
0x0Bf41ED7F585Fe76e8B72D40cD2e1987878a7C33,384,3403
0xe52635962173bCecc411DC6b93307eA736CA8Cbf,385,974
0x36e9646766cd9a1585ADee3f46CdB9DD5071eD75,386,4499
0x8EfC684260Ad0ab49E9a778D09B9Cc6Bd9Be9ee0,387,2299
0xFfdBE57c4a58D0C5A36F7911d02f2e73b58e40Ae,388,4050
0xE1d1F09969BEBF681FFA7D6fEC4bDf22de65fa09,389,3178
0x84E7F37914A3CE486Fa21DB06943213a8547B614,390,4896
0x68B4A067D2bF008ebBa837bB38F14bB9CD411718,391,5803
0x37C528532e6249CaD0e0794108A722Dd4C11f407,392,5066
0x7Ab7D0b6111Ef5Cd0d9bf9184ABC63aF685EdA1b,393,6094
0x30E6ae8BfeCd775efA85b9bE4fa4f0E2EC38e746,394,6691
0xCa7Ad08F0b423B987Fa8F393c545F60309B37A68,395,3712
0xf514d778F49259b2Be59ebE31497E8Ec209E1fA0,396,19
0xd0F31895B9bD169871d6b70092D93D7D48E59bC7,397,3448
0x372636FD348b133C086d8B38E1c7dd0E36bd1542,398,387
0x6C308B2501319F61a381dc29c4bE929B6b4376b4,399,522
0x3f2c3652d4ffb3F68044c1DEe9c6A75e57982ddF,400,2758
0xeFd4E07415c91d62dA6D4b6360dc935f7d937e3D,401,1029
0xD2686EdCac2361D7A4046Ed5c99Ea1F19bCd165f,402,2391
0xB864E39381B3e8788B01ec5c265Ef3A9D1d12199,403,4088
0xf2bE448eD300E9feEa130CBCD1733262a2b3e33D,404,577
0x446E5dE572A72eFB5Bc7a82387a6068784505E2a,405,102
0x036A82caf8557ace3d956A1275F7644BA56C148a,406,6439
0xF1F7117e1659ebBFBcE0494770eB15dC78f1FDBC,407,4431
0xe2112c848949F4680503BBC8cf652B716dCd3F2F,408,2454
0xC0D81e55E8859a02256FA0e12b8820826fF5aFFD,409,3488
0x59CB5EB34D400B6FE42ee40F1c5DE807e453297a,410,4942
0x56927E28DCe8c77EcC48Cd30E17e56F667668C8A,411,2835
0xb7a4279B7F3E67fdd759f5cD2D0e4Fc9F6c319eE,412,4813
0xFEcC58f676802959B2E3837E29B456eedfb78FdC,413,5589
0x95fbA6e34B5F94018C7EC0dF12BD57E3A0a9789d,414,6845
0x83bA64cbA0965c713ABc4FA979b9e2CdC20A59C7,415,5740
0x01Dc5eAdB09D47EdfE7Cc3Ce5dad4975873df01F,416,354
0x1f0508bbC88EDeaE75430CAc433b2369Aebd096E,417,616
0x7FEDf31D17e989b5F9643Cb63f9e33703b0163B6,418,84
0x1B4aa882E5F51C40906069faeBD61Dd7c80e2467,419,5801
0x615489f472d6dbB83fF76D0Bc493f79c2d6AE11e,420,456
0x2871AeC060F09a15320529802930c8B7Ca2a27ed,421,5672
0xD38a17D4970F5A4E20215ACEaAE76E593Ca478a9,422,5651
0x6B3e64DaD7d4C0EE4a1F7a682C8b6eCFAb1ccD07,423,867
0x8CdF1F22f9F7A6C752d60EA975B7f71061964116,424,6113
0x86813Ff69e08439e6Bdac491b63A20f564b88a1D,425,3656
0x1CbDD5fE940792b23Af53B999De9b30CFAE448A8,426,763
0x813d14eeC3a176286Dc46d2E9179a53dd85E163d,427,3166
0x4ABCE7BCcaE0068A9b1207e3Bc0B479559eD7aE2,428,2976
0xaCdee52012Da2Cf6C4e9B8c7492221568711B631,429,6098
0x6A54ab227A61516FED9a83E38cAD6240c2e81bd3,430,4173
0x9D63DdA33F2B7a67D86FEe833871a0eDD98f5f5c,431,6478
0xaa04F077Be9138212694A315eaA56F26692d1DAa,432,4209
0x3b257db0A0E6f2fd81eEe957b800a2C5eb90aa0B,433,2829
0x89880AA13A75654fa02Dcb9198cE3369A39737cf,434,3139
0xaf87D8327242D270A760f51A0F31b161E393dC3c,435,7042
0xd6ad803A14C1682f9966beAA828De4C992095bcF,436,1274
0x9b06660D78e6647Ee1B137abD3E06268870Fe14c,437,7259
0xdAb3f445ce2Ed64bE2146565a8Bc5a4FA9FfC7A4,438,151
0x0085095a910ef094CC3d8e7f5F38EA9fb992D318,439,1599
0x4748264fbbE6cF964F77D8Cd9Ee9D3726E17695f,440,5079
0xF8D66683D389aeA536B3D7598B7D31dc62c3Bc29,441,1591
0xbaE473DAe9704ea7e48BE40298Ef17008C1f1d9c,442,2856
0x2c90ff272a0980E56e983E8116F171E6DB281Ea5,443,534
0x4B9fC161C12B6b59A2FD93178203bCBf5Ffa0723,444,3768
0xd79110c212B6D159c84b19F90A594AD85A51c702,445,4081
0x189AC4855D50982F19B8C75F85FB8B29a1aCFF1e,446,1506
0xA8fc26aa5B42Cc2F41ba2Ceaf33cBA25b1772C2F,447,201
0xbEeB48E14312258f4244551F2C71c459E2943D04,448,3161
0x773E63540d46C4662F4057079d0ffa36519b90D9,449,3253
0x91DBf6732E213e15fC58e554Dfc2Ba27A1c87a1a,450,1566
0x594A51D7Ca715a29b9b43B2bAdf1c00BaC86A4BC,451,5601
0xb993e3df7b82140839b2f974cDfAFe52F3242643,452,1919
0xAD7DF92f2202a3A0C78BB608Fd9E5997356e9Bd4,453,6044
0x76379daB83Ba83a9ecb888326BE18605186550Ad,454,2027
0x2E4107407bcb0707bE0c794487a1c163c0Dd3B05,455,1166
0x54a9D92Af1d2170E7C2c9f30fAE8dc32B012255E,456,3600
0x8edEb3385F7B096EC2e85dbe8FabeAD5bc1268bD,457,7331
0x408FF4e615f3Fc61CdA3E6305C88Ad6D4bfbE454,458,1445
0xf04FF36EC21891ee55097E743A1a679076297509,459,7535
0xC77C1Ef654acf9CEA55178ad60a593A4c0109e29,460,7051
0xbe943D0793082b0FCCF4d63f62fc431AFBCA0C0F,461,4327
0x721c116ec51c8AAE35CCB19B9BdAc0381bE459C0,462,3383
0x427D6E2798993218128657f28E17a22D08D18514,463,7587
0x7220f3126Dead5D359717239159769711E5fbAdf,464,426
0x174fE674E85DDbd8a3dB0E5C315eC7449D5F759E,465,6450
0x80d3cFe535bCa61307e3991B80352c637198b318,466,3424
0x708593F31Fcf7F280D7A0a26A2726CF83dBFe41d,467,811
0x92De6199d80e5c0A63d06df68F3838e9E5C9067b,468,5459
0xcF4dF402303415D927443030AF3d7BFce182dB3f,469,6579
0x9c6666eE644C527F3662a4E9Be13058251090177,470,6698
0xC3D0d0A013DF6d6dd780aD2C73e3Be23B561242E,471,311
0xa6EC5a0793d75F3195C926A5Dfa495fbD7Bc17fd,472,6803
0xa092e9DE17FD9EB0F0f3A0eD876BD9B71125766c,473,942
0xF1dA6Be0D9149E3310127F1d92D18a3a727AA4e2,474,4843
0x89f33A733bBd17ec16963Be866fcdf77fBFeeF28,475,7668
0x0E126669a0cDD819fFF11bff0190B0A3D2eFF418,476,2111
0x3eec919D293807F928FC9c0a14038aCb50460588,477,4350
0xcffAbf91f6144478B351C2EcCa692f69Bb9913eb,478,1978
0x4dBAa9c0355BFE4284FD4ec692F302897C3EEbba,479,5581
0x302Abed5877b4731D1B58de3610E162490e0172D,480,2511
0x12Ef9c82a85728D2AFbB9d63E0310Ffef8EF353E,481,3274
0xDd3D9e09bCf88dfCFe6cd2A5687246833B4ed833,482,4168
0xC446Dd50e3519CA865ce08F977f051130D286995,483,4335
0x477E8eBd8B50cb5337704F9b43D17148e6E52798,484,5108
0x00D1A081510d4477660EDed7899b8a48225Bf302,485,351
0x869FBFa263BA6b50472fa1bC3341798c9E5F849B,486,4222
0xcCFB3eb3321F2bf27b0427B2bd828Efb0190D096,487,6901
0x140663c4b5C70B3f14A6B329CbA731159D013DA5,488,5825
0x692873359a181c84c7dEFc95Da34155959e1b4A5,489,2431
0x3A44822ba70122E0ea14f7AA7AaA5117f057B750,490,3230
0xD0230F8F346e694f30E38f8Fc8Cbd8D0C8f9b0b4,491,927
0x2018479eFdF2b6a142Beda147a61768B4051d2a8,492,2961
0xe6c0154a6D83E91244F090a3518ACCb024314094,493,4746
0xD21B43dfBD5aB719bDd84A51FE0f228a38c8412F,494,2707
0x7EF29Caa5050A3659469a9AcA0f026ae93B7Be9D,495,5239
0x7A369f4e823Ca4c69E678468b83B7c92F72a4155,496,2407
0xd837295decfD5eC947E3932694B953Ffd3a9D177,497,7074
0x114A8F141b7C33c152a6bc2BbF82aa7f1D2F512A,498,6117
0xb30724342cadB25767278B166b1D675D9B834189,499,1148
0xA3ee61b1b53f53d7203b3848dc543099727c54e8,500,723
